1,1176.1,1
1,1118.2,0
1,630.08,0
1,1806.1,1
1,588.32,0
1,585.22,0
1,847.06,0
1,1376.9,1
1,1282.9,0
1,1167.3,0
1,1597.6,0
1,2089,1
1,1408.3,0
1,2006,1
1,930.61,0
1,843.68,0
1,1295.9,0
1,1352.1,1
1,770.85,0
1,1366.2,1
1,612.06,0
1,2094.3,1
1,1015.3,0
1,902.28,0
1,1431.4,1
1,1331.2,1
1,1671.2,0
1,1900.3,1
1,2065.7,1
1,1159.9,0
1,1535,0
1,1611.4,1
1,1706.8,1
1,1571.3,1
1,815.93,0
1,1114.1,1
1,1226.2,0
1,1587.9,1
1,989.78,0
1,1593.6,1
1,1387.1,0
1,879.38,0
1,1992.5,0
1,1888.3,1
1,1294,1
1,924.55,0
1,992.22,0
1,874.13,0
1,1049.9,0
1,2012.1,0
1,1247.4,0
1,907,1
1,2101.7,1
1,1108.6,1
1,913.91,0
1,620.83,1
1,873.41,0
1,602.76,0
1,584.71,0
1,964.26,0
1,1317.4,1
1,1351.8,1
1,1495.4,1
1,1246,0
1,1426.7,1
1,996.43,0
1,1780.9,1
1,1303.9,0
1,2008.4,1
1,1801.9,0
1,1070.3,0
1,1206.7,0
1,1521,1
1,1272.8,1
1,1099.3,0
1,1345.4,1
1,2223.7,1
1,1316.6,1
1,2473.4,1
1,1503.4,1
1,1272.7,1
1,1645.5,1
1,1148.4,0
1,1388.3,0
1,1560.7,0
1,2868.8,1
1,1073.4,0
1,1921,1
1,647.37,0
1,590.96,0
1,584.89,0
1,1075.8,0
1,1530.8,1
1,1878.9,1
1,646.18,0
1,697.05,1
1,610.33,1
1,603.14,0
1,1850.5,0
1,586.96,0
1,1468.9,1
1,586.78,0
1,592.74,0
1,584.53,0
1,1841,1
1,755.38,0
1,1146.9,0
1,1021.8,0
1,868.99,0
1,1332.6,1
1,664.18,0
1,1056.2,0
1,700.61,0
1,1258.6,0
1,1455.6,0
1,1145.5,0
1,925.26,1
1,2024.2,1
1,1996.8,1
1,1034.6,0
1,1744.3,1
1,1698.1,1
1,1717,0
1,2822.2,0
1,1338.2,1
1,1890.2,1
1,847.01,0
1,1287.8,0
1,1316.1,0
1,1137.5,0
1,1161.6,0
1,1157.1,0
1,992.35,0
1,2409.6,1
1,1618.9,0
1,885.89,0
1,2100.4,1
1,1341.7,0
1,1045.6,0
1,3602.3,0
1,1287.6,0
1,1631.2,1
1,1556.9,0
1,1430.2,1
1,1491.1,1
1,760.08,0
1,1069.3,0
1,2471.2,0
1,1066.8,0
1,1166.8,1
1,1406.5,1
1,787.43,0
1,988.01,0
1,2717,1
1,2448.3,1
1,583.53,0
1,582.47,0
1,600.15,0
1,1344.1,0
1,586.38,0
1,2188.4,1
1,840.24,0
1,2259.7,1
1,1513.1,0
1,1098.9,0
1,956.8,0
1,2225.5,1
1,1094.1,0
1,1420.6,1
1,1123.2,0
1,831.4,0
1,936.51,0
1,1214.1,1
1,1201.7,0
1,1592.8,1
1,1179.7,0
1,1076.6,0
1,2096,1
1,940.73,1
1,845.6,0
1,1434.7,1
1,1216.6,0
1,1088.9,0
1,989.66,1
1,1340.6,1
1,3081.3,1
1,1250,0
1,1145.1,0
1,1450.2,0
1,860.71,0
1,1984.2,1
1,1159.3,0
1,861.22,0
1,1691.2,0
1,1202.1,0
1,1076.9,0
1,2233.7,1
1,980.26,0
1,1674.1,1
1,799.47,0
1,687.56,1
1,573.39,0
1,580,0
1,706.48,0
1,604.3,0
1,620.1,0
1,770.56,0
1,669.08,0
1,2158.2,1
1,1535,1
1,1811.2,1
1,1904.3,1
1,752.65,0
1,960.8,0
1,1270.8,1
1,972.51,0
1,2116.2,1
1,1120.3,1
1,1039.6,0
1,1157.2,0
1,1180.1,0
1,1048.9,0
1,846.06,0
1,1190.8,1
1,817.45,0
1,2144.6,1
1,1121.3,1
1,1119.8,1
1,1092.2,0
1,1392.4,1
1,794.21,0
1,1032.5,0
1,825.93,0
1,2027.4,1
1,1055.4,0
1,1613.4,1
1,2097.9,0
1,1129.6,0
1,1212.9,1
1,1110.7,0
1,1177,0
1,1104.3,0
1,1163.7,0
1,2448.2,0
1,1042.6,0
1,917.49,0
1,997.44,0
1,954.88,0
1,1760.5,0
1,1479.6,1
1,854.73,0
1,932.99,0
1,842.12,0
1,1325.6,1
1,1185.1,0
1,1742.9,1
1,1219.9,0
1,2400.1,1
1,812.05,1
1,2368.2,1
1,1158.1,0
1,588.18,0
1,1234.7,0
1,1048.2,0
1,643.4,0
1,589.6,0
1,961.33,0
1,681.09,0
1,636.13,0
1,2018.3,1
1,1327.9,0
1,1078,0
1,1523.5,0
1,1086,1
1,973.42,0
1,1046.1,0
1,959.9,0
1,1448.7,1
1,1521.9,1
1,1361.3,1
1,1300.7,1
1,933.75,0
1,5519.7,1
1,717.1,0
1,904.21,0
1,919.42,0
1,1063.9,0
1,870.31,0
1,1145.5,1
1,2127.7,1
1,1233.5,0
1,1090.9,1
1,1129.2,0
1,1202.7,1
1,640.04,0
1,1937.1,1
1,1032.8,1
1,2295.1,1
1,1139,0
1,870.9,0
1,1773.1,1
1,677.97,0
1,989.35,0
1,962.13,0
1,865.09,0
1,1562.7,0
1,1009.6,0
1,1139.1,0
1,1001.6,0
1,1459.9,1
1,757.26,0
1,1216.9,1
1,585.34,0
1,4675.5,1
1,1805.6,1
1,1732.9,1
1,591.91,0
1,1146.7,1
1,931.29,0
1,670.48,0
1,622.41,0
1,1050.8,0
1,998.28,0
1,638.48,0
1,588.97,1
1,591.52,0
1,581.16,0
1,954.1,0
1,599.89,0
1,595.37,0
1,575.47,0
1,972.19,0
1,836.2,0
1,915.32,0
1,1999.3,1
1,847.37,1
1,1328.5,1
1,1937.3,1
1,3068.1,1
1,2045.4,0
1,3504.7,1
1,892.87,1
1,1197,1
1,2129.8,1
1,3430.5,1
1,1669.3,1
1,895.33,0
1,1504.5,1
1,1613.9,1
1,837.91,0
1,1093.5,1
1,962.89,0
1,1659.6,1
1,2050.7,1
1,818.99,0
1,753.56,0
1,2087.8,1
1,1437.3,1
1,918.93,0
1,941.98,0
1,1271.1,0
1,797.76,0
1,931.38,0
1,803.38,0
1,1506.1,1
1,1247.2,0
1,1090.9,0
1,1534.7,1
1,1269.6,0
1,1097.9,0
1,1114.6,0
1,1285.4,0
1,996.51,0
1,954.68,0
1,900.59,0
1,1757.7,0
1,671.15,0
1,1267.8,1
1,1163.4,0
1,1678.7,1
1,935.22,0
1,1410.3,0
1,594.57,0
1,574.56,0
1,594.35,1
1,914.42,0
1,618.67,0
1,1943,1
1,1885.6,1
1,585.61,0
1,592.44,0
1,626.89,0
1,1424.3,1
1,1133,0
1,887.97,0
1,987.7,0
1,846.78,0
1,731.36,0
1,808.51,0
1,1086.4,1
1,1015.1,1
1,1689.4,1
1,1043.2,0
1,759.11,0
1,824.94,0
1,1206,0
1,2464.8,0
1,973.52,0
1,1411.1,0
1,1931.3,1
1,1135.2,0
1,781.89,0
1,1146,0
1,886.82,0
1,2411.9,1
1,1521.4,1
1,1697.8,1
1,2941.5,1
1,853.64,0
1,1348.4,0
1,2365,1
1,1325.4,0
1,918.11,0
1,1269.1,0
1,2356.6,1
1,1263.2,0
1,1018.8,0
1,1484.8,1
1,730.75,0
1,1031.6,0
1,1494.4,1
1,978.82,1
1,750.86,0
1,1089.6,0
1,1272,1
1,923.43,0
1,798.21,0
1,1602.7,1
1,1129,0
1,1039.8,0
1,991.01,0
1,1831.6,1
1,1068.5,0
1,1154.7,0
1,2049.8,1
1,1557.7,1
1,1358.7,1
1,1883.1,1
1,886.81,0
1,862.55,0
1,928.7,0
1,586.75,0
1,2075,0
1,610.24,0
1,1027.6,0
1,1053,0
1,1010.6,1
1,2059.6,0
1,601.6,0
1,582.82,0
1,590.49,0
1,588.46,0
1,2475.9,1
1,611.61,0
1,1054.8,1
1,1180.4,0
1,979.06,0
1,1248.7,0
1,1468.9,0
1,1840.4,1
1,1239.9,0
1,1177.4,0
1,2061.8,1
1,803.79,0
1,1053.6,1
1,1552.2,1
1,2076.9,1
1,931.25,1
1,794.87,0
1,1094.1,0
1,1059.3,0
1,1086.3,0
1,1388,1
1,1412.7,1
1,982.64,1
1,1194.3,0
1,715.84,0
1,1379.8,1
1,869.8,0
1,1472.2,1
1,896.4,1
1,1353,1
1,907.71,0
1,1118.2,0
1,731.02,0
1,1037.8,0
1,1335.4,1
1,1918.2,1
1,1808.4,1
1,1277.1,0
1,775.66,0
1,784.85,0
1,1397.6,1
1,1697.2,1
1,921.28,0
1,1364.1,1
1,1131,0
1,757.1,0
1,1049.6,0
1,1132.3,0
1,1099.1,0
1,1073.9,0
1,1014.9,0
1,1024.2,1
1,1079,0
1,1178.2,0
1,574.31,0
1,1793.1,1
1,627.33,0
1,800.77,0
1,558.44,0
1,587.41,1
1,596.54,0
1,639.81,0
1,602.16,0
1,1397.8,1
1,1123.7,0
1,1208.7,1
1,1316.1,0
1,856.74,0
1,1954.7,1
1,796.96,0
1,1355.9,1
1,1565,1
1,1067.5,0
1,1389.5,1
1,1269.2,1
1,961.11,0
1,1595.8,1
1,1189.4,0
1,2139.9,1
1,1412.7,1
1,871.45,0
1,2625.7,1
1,1035.2,1
1,1079.9,0
1,2315.3,1
1,1335.8,1
1,1154.6,0
1,1276.8,1
1,968.52,1
1,2329.1,1
1,1554.8,0
1,2094.9,1
1,842.2,0
1,857.11,0
1,1228.3,1
1,1727.1,1
1,2680.7,0
1,1276.1,0
1,1132.5,1
1,946.69,1
1,1136.5,0
1,870.98,0
1,963.41,0
1,1392.8,0
1,818.32,0
1,1004.1,0
1,1092.6,0
1,950.48,0
1,2548,1
1,1138.8,0
1,1298.6,0
1,1075.1,0
1,1304.5,1
1,1326,0
1,1800.8,1
1,960.58,0
1,1486.4,1
1,1479.9,1
1,1595.4,0
1,1204.9,1
1,1136.4,0
1,1820.3,1
1,1295,1
1,1014,0
1,901.1,0
1,2213.3,1
1,978.87,0
1,1194.6,0
1,969.53,0
1,3417.4,1
1,1933.2,0
1,586.6,0
1,572.11,0
1,1055,0
1,1090.4,0
1,800.23,0
1,1017.3,0
1,592.32,0
1,1095.5,0
1,616.58,0
1,1518.3,1
1,1502.5,1
1,1894.8,1
1,582.91,0
1,695.39,0
1,740.69,0
1,1060.7,0
1,1414.4,1
1,1377.2,1
1,1204.8,0
1,936.48,0
1,748.62,0
1,1213.8,0
1,1009.4,0
1,1305.2,0
1,1248.3,0
1,1005.7,0
1,947.43,0
1,1012.6,0
1,889.75,1
1,710.24,0
1,1020.5,0
1,882.93,0
1,943.72,0
1,779.25,0
1,1193.1,1
1,1144,0
1,1019,0
1,1083.2,0
1,1030.7,0
1,2783.6,1
1,1178.8,0
1,2533,1
1,2931.9,1
1,1252.4,0
1,2056.2,1
1,1608.1,0
1,1057.7,0
1,1804.5,1
1,1724.5,1
1,909.57,0
1,1179.6,0
1,890.03,0
1,963.71,0
1,864.41,0
1,1464.4,1
1,896.22,0
1,1889.2,0
1,1034,0
1,986.48,0
1,1611.1,1
1,1421.7,1
1,850.23,0
1,1383.8,0
1,1617.6,1
1,1204.3,1
1,962.28,1
1,1194.2,0
1,850.78,0
1,1150.6,0
1,564.01,0
1,584.67,0
1,672.21,1
1,777.05,0
1,578.61,0
1,595.95,1
1,581.68,0
1,571.01,0
1,566.86,0
1,1183.8,0
1,855.28,0
1,955.74,0
1,944.25,0
1,917.91,0
1,877.64,0
1,979.6,0
1,988.27,1
1,1031.7,1
1,876.91,0
1,600.59,0
1,892.38,0
1,1758.3,1
1,1322,1
1,874.51,0
1,3026.2,1
1,761.81,0
1,1297.6,1
1,1247.9,1
1,1307.6,0
1,2366.1,1
1,1043.6,0
1,1116.4,0
1,1448.1,1
1,1144.7,0
1,1173.8,1
1,2034.3,1
1,1123.2,0
1,1344.5,0
1,831.84,1
1,1081.7,0
1,999.87,0
1,1003.9,0
1,1130.8,1
1,1009,0
1,1596.6,0
1,1019.7,0
1,966.55,0
1,1724.8,1
1,1021.5,0
1,744.25,0
1,890.24,0
1,944.9,0
1,1691.5,1
1,1492.5,1
1,1317.9,1
1,1304.7,1
1,966.93,0
1,1158.6,0
1,1151,0
1,1464.8,1
1,877.36,0
1,2628.4,1
1,906.23,0
1,1061,1
1,892.64,0
1,860.32,0
1,882.42,0
1,960.35,1
1,999.45,0
1,932.75,0
1,1171.5,0
1,1643.5,1
1,909.82,1
1,5891.6,1
1,2069.1,1
1,602.63,0
1,712.59,0
1,597.28,0
1,1097.7,0
1,1056.9,0
1,577.2,0
1,592.05,0
1,764.49,0
1,1763.1,0
1,1026.3,0
1,1302.7,1
1,969.79,0
1,1793.7,1
1,1445.2,1
1,1121.4,0
1,833.87,0
1,1285,0
1,821.32,0
1,1251.8,0
1,881.25,0
1,1254,0
1,1468.6,0
1,1050.1,0
1,878.83,0
1,826.24,0
1,2220,1
1,1771.2,1
1,1201.2,1
1,1378.7,1
1,1540.8,0
1,878.01,0
1,895.65,0
1,1279.7,0
1,989.15,0
1,1683.7,1
1,853.14,0
1,1635.8,1
1,1302.9,0
1,1574.2,1
1,1259.9,0
1,964.73,0
1,1041.8,0
1,568.07,0
1,1054.2,0
1,1022,0
1,1181.9,0
1,1241.7,1
1,558.81,0
1,561.04,0
1,828.85,0
1,841.95,0
1,1161.7,0
1,1109.4,0
1,1493.1,1
1,1459.1,0
1,970.17,0
1,1188.5,1
1,939.14,0
1,820.89,0
1,1053.1,0
1,1343.8,0
1,1026.3,0
1,2123,1
1,1409.1,0
1,1067.4,0
1,1387.1,1
1,1509.2,1
1,914.48,0
1,939.61,0
1,555.02,0
1,991.04,0
1,638.86,0
1,1001.6,0
1,1364,0
1,963.8,0
1,1153.6,0
1,564,0
1,581.02,0
1,600.58,0
1,844.43,0
1,571.91,0
1,1046.5,0
1,883.19,0
1,1079.5,0
1,1718.2,1
1,1267.9,0
1,984.07,0
1,1430.8,1
1,1415.1,1
1,833.67,0
1,1510.3,1
1,995.15,0
1,1040.7,0
1,866.2,0
1,2364,1
1,2556,1
1,1571.8,1
1,879.8,0
1,816.49,0
1,1355,1
1,1197.2,0
1,1103.1,0
1,909.12,0
1,1015,0
1,1752.8,0
1,1622.8,1
1,1492.5,1
1,1077.7,1
1,1810.9,0
1,3633,1
1,1019,0
1,906.07,0
1,1677.8,1
1,1384.3,1
1,1392.7,0
1,1417.6,0
1,1911.1,0
1,1161.5,1
1,1096.7,0
2,828.2,0
2,4021.2,1
2,543.75,0
2,713.52,0
2,588.73,0
2,682.05,0
2,845.1,0
2,682.88,0
2,940.06,0
2,551.26,0
2,547.67,0
2,713.14,0
2,1306.4,0
2,1100,1
2,1141.2,1
2,967.84,0
2,1505.5,1
2,994.7,0
2,1051.4,0
2,1029.2,1
2,994.56,0
2,1172.5,1
2,1095.1,0
2,1546.3,0
2,1097.5,0
2,578.71,0
2,1131.2,0
2,1089.9,1
2,972.25,0
2,1773.1,1
2,996.29,0
2,658.64,0
2,1137.4,0
2,962.47,0
2,1334.2,1
2,1092.7,1
2,970.12,0
2,1512.6,0
2,1707.5,1
2,3634.7,1
2,2556.9,1
2,1175.5,1
2,1049.6,1
2,921.18,0
2,3895.5,0
2,999.63,0
2,810.38,0
2,1034.6,0
2,1633.8,1
2,1108.9,0
2,841.59,0
2,795.69,0
2,1446.4,1
2,959.23,0
2,1199.8,1
2,1403.9,0
2,4195.6,1
2,912.92,0
2,961.81,0
2,923.07,0
2,1126.4,0
2,1306.4,1
2,1165.3,0
2,1190,0
2,2082.4,1
2,1122.1,1
2,873.9,0
2,1592.9,1
2,823.83,0
2,1017.2,0
2,871.44,0
2,1062.6,0
2,2669.8,1
2,4065.1,1
2,891.19,0
2,1185,1
2,1053.2,0
2,1936.6,1
2,1203.3,0
2,1835.1,0
2,929.44,0
2,1547.5,1
2,1042.7,0
2,1261.9,1
2,1501.8,1
2,913.92,0
2,1517.1,1
2,1111,1
2,1229.5,0
2,925.62,0
2,1131.8,1
2,1077,0
2,1343.1,0
2,833.69,0
2,607.24,0
2,1141.1,0
2,862.35,0
2,601.18,0
2,910,0
2,1249.8,1
2,1370.4,0
2,565.78,0
2,869.9,0
2,1378.1,1
2,765.49,0
2,870.35,0
2,1029,0
2,1086.4,0
2,1864.8,1
2,905.65,0
2,1364.5,1
2,1078.1,0
2,2078.4,1
2,850.58,0
2,1460.3,1
2,947.91,0
2,1235.3,1
2,1210.5,1
2,2741.1,0
2,979.85,0
2,1627,0
2,808.04,0
2,1506.9,1
2,1076.7,0
2,803.53,0
2,1285.2,1
2,1066.2,0
2,912.29,0
2,863.87,0
2,804.66,0
2,1435.9,1
2,1123.2,0
2,1372.1,1
2,1049,0
2,808.68,0
2,826.98,0
2,948.46,0
2,1474.7,1
2,1167.1,0
2,1121,0
2,1179.9,0
2,1158.1,1
2,989.41,0
2,1029.5,0
2,989.86,0
2,748.29,0
2,915.42,0
2,1327.4,0
2,557.98,0
2,1016.3,0
2,6239.3,1
2,1096.7,1
2,685.86,0
2,1306.1,1
2,864.94,0
2,578.1,0
2,1377.2,1
2,1059.4,1
2,1232.2,0
2,1283.9,1
2,809.97,0
2,1211.9,1
2,1051.9,0
2,758.45,1
2,1002.6,0
2,749.78,0
2,795.03,0
2,918.88,0
2,1087.1,0
2,961.42,0
2,883.79,0
2,938.32,0
2,1490.4,1
2,1294.3,1
2,1181.1,0
2,784.86,0
2,2238.3,1
2,1427.7,0
2,851.03,1
2,915.51,0
2,896.46,0
2,911,0
2,1094.9,0
2,868.4,0
2,1521.5,0
2,1491.4,1
2,1174.1,1
2,1176.2,0
2,1288.7,1
2,947.35,0
2,908.21,0
2,952.05,0
2,1122.1,0
2,1211.3,0
2,956.81,0
2,1136.7,0
2,1728.1,1
2,1743.2,1
2,990.03,0
2,1379.3,1
2,970.9,0
2,1160.2,1
2,903.55,0
2,1032.9,1
2,745.32,0
2,899.59,0
2,1173.4,0
2,1100.7,0
2,902.53,0
2,905.48,0
2,990.68,0
2,848.82,0
2,1456.8,1
2,998.85,0
2,831,0
2,2158.4,1
2,572.15,0
2,913.55,0
2,1196.8,1
2,1096.3,0
2,1683.2,1
2,2522.7,1
2,1243.5,0
2,1255.1,1
2,913.85,0
2,926.96,0
2,3968.9,1
2,1130.3,0
2,1897.5,1
2,1509.2,0
2,1032,0
2,1013.3,0
2,1404.7,1
2,879.36,0
2,572.32,0
2,696.45,0
2,607.08,0
2,2475.3,1
2,617.75,0
2,746.57,0
2,704.09,0
2,565.77,0
2,548.76,0
2,908.58,1
2,1447.5,1
2,1093,0
2,859.2,0
2,1015.6,0
2,1096.3,0
2,940.89,0
2,1344.6,1
2,888.86,0
2,973.11,0
2,1065,0
2,1193.2,0
2,777.97,0
2,961.91,0
2,1020.4,1
2,799.94,0
2,944.75,0
2,1103,0
2,1327.3,1
2,980.46,0
2,973.36,0
2,1584.3,0
2,1195.5,0
2,4969.6,1
2,1043.8,0
2,895.28,0
2,1710.7,1
2,1562.6,0
2,1190.1,0
2,1050.2,0
2,1007.6,0
2,1083.4,0
2,954.2,0
2,1007.7,0
2,1054.1,0
2,1194.1,1
2,820.46,0
2,1787.7,1
2,874.22,0
2,1222.9,0
2,2010.4,1
2,748.72,0
2,1306.3,1
2,1674.2,1
2,1008.5,0
2,1447.4,0
2,1442.2,1
2,1033.2,0
2,895.37,0
2,4329.5,1
2,996.11,0
2,3173.5,1
2,1156.9,1
2,1000.8,0
2,1907,1
2,1095.7,0
2,1592.4,1
2,1266.4,1
2,1930.9,1
2,868.9,0
2,586.2,0
2,956.5,1
2,939.65,0
2,995.96,0
2,888.52,0
2,767.7,0
2,1818.1,0
2,1163.8,0
2,2115.6,0
2,1663.4,1
2,1121.4,0
2,993.59,0
2,799.62,0
2,1305.7,0
2,1228.7,1
2,1639,0
2,1479.8,0
2,1053.1,0
2,1700.2,1
2,1028.1,0
2,1517.5,0
2,2762.7,1
2,1035.9,0
2,1048.7,0
2,1362,1
2,1690.9,1
2,1062,0
2,2448.7,1
2,1321.9,1
2,801.15,0
2,1029.7,0
2,799.38,0
2,954.46,0
2,911.47,0
2,1912.2,1
2,972.2,1
2,992.57,0
2,1678.6,0
2,956.34,0
2,1007.4,0
2,920.88,0
2,1223.8,0
2,1415,1
2,1347.6,1
2,2789.1,0
2,780.11,0
2,1406.7,1
2,1051.6,0
2,1106,0
2,1099.9,0
2,876.71,0
2,1011.8,0
2,1364.2,1
2,2080.9,1
2,1030.6,0
2,1102,0
2,798.12,1
2,985.65,0
2,844.22,0
2,996.74,0
2,1761.6,0
2,1086.5,0
2,1529.2,1
2,872.48,0
2,1161,0
2,558.14,0
2,1212,0
2,569.71,0
2,953.11,0
2,596.58,0
2,1492.2,0
2,616.58,0
2,659.95,0
2,602.37,0
2,608.82,0
2,1204,0
2,584.57,0
2,631.07,0
2,600.04,0
2,589.73,0
2,588.97,0
2,634.5,0
2,672.88,0
2,1678.5,1
2,1069,0
2,681.23,0
2,828.54,0
2,1206.7,1
2,916.8,0
2,1389.2,1
2,1319.2,1
2,1273.7,0
2,988.81,0
2,1332,1
2,1626.1,1
2,2181,0
2,2648.9,1
2,2674.4,1
2,1068.3,0
2,1074.9,1
2,967.34,0
2,971.12,1
2,1196.3,0
2,1287.4,1
2,1136.3,0
2,1400,1
2,814.25,0
2,898.28,0
2,977.87,0
2,1013.6,1
2,885.34,0
2,1140.5,0
2,992.99,0
2,1291.1,0
2,1306.8,1
2,954.3,0
2,1184.7,1
2,1043.1,0
2,1246.1,1
2,1150.8,0
2,1623.7,1
2,1611.1,1
2,928.62,0
2,1078.3,0
2,1651.1,0
2,912.83,0
2,1108.6,0
2,1529.8,1
2,1965.7,1
2,1189.1,0
2,2052.5,1
2,892.5,0
2,1039.6,0
2,1217.6,1
2,955.94,0
2,1141.1,0
2,1117.1,0
2,1187.7,0
2,974.13,0
2,984.6,0
2,789.23,0
2,902.38,0
2,1512.7,1
2,1051.9,0
2,1216.9,0
2,2260.2,0
2,864.72,0
2,942.53,0
2,877.73,0
2,1421.2,1
2,1320.2,0
2,954.34,0
2,2458.1,1
2,901.81,0
2,1003.9,0
2,597.19,0
2,793.98,0
2,1200,1
2,648.42,0
2,1460.8,1
2,565.3,0
2,721.76,0
2,1007.3,0
2,660.4,0
2,1607.3,1
2,634.46,0
2,1895.5,1
2,1245.2,1
2,667.35,0
2,599.68,0
2,620.45,0
2,640.11,0
2,633.92,0
2,622.48,0
2,616.23,0
2,1701.7,1
2,891.85,0
2,1171.7,0
2,1238.2,0
2,1373.7,0
2,1171.7,0
2,914.38,0
2,780.09,0
2,1607.4,1
2,964.66,0
2,1068.3,0
2,1296.3,0
2,1673.5,1
2,1090.3,1
2,808.26,0
2,1071.9,0
2,1256,1
2,792.43,0
2,2551.8,1
2,1061.6,0
2,1187.5,0
2,1251.5,1
2,1716.3,1
2,1002.6,0
2,1556.7,0
2,1100.2,0
2,890.09,0
2,1961.1,1
2,1506.5,1
2,1094.1,0
2,1296.6,1
2,1107.8,0
2,2928.5,1
2,897.19,0
2,1161.6,0
2,1218.8,0
2,2953.7,1
2,1016.7,0
2,881.83,0
2,683.72,0
2,1077.1,1
2,1016.5,0
2,868.31,0
2,1019.8,0
2,951.02,0
2,1008.8,0
2,1339.5,1
2,724.8,0
2,1377.7,1
2,959.65,0
2,1150,0
2,915,0
2,1056.6,1
2,1102.2,0
2,1473.3,0
2,1227.8,1
2,1379.1,1
2,1131.9,0
2,995.24,0
2,2317.5,0
2,964.33,0
2,990.26,0
2,937.65,0
2,1493.3,0
2,2181.5,1
2,1164.7,0
2,1199.6,1
2,819.54,0
2,791.69,0
2,1015.8,0
2,1028.2,0
2,1580.9,1
2,866.44,0
2,867.23,0
2,1134,0
2,1503.5,1
2,737.23,0
2,623.87,0
2,931.06,0
2,1821.5,0
2,593.81,1
2,601.56,0
2,2492.1,1
2,641.77,0
2,639.19,0
2,631.81,0
2,692.1,0
2,805.81,0
2,913.35,0
2,606.52,0
2,615.05,0
2,1295.7,1
2,1387.1,0
2,1956.3,1
2,1516.7,1
2,883.16,0
2,730.39,0
2,1028,0
2,1291.4,1
2,1073.7,0
2,900.07,0
2,1060.8,1
2,1604.9,1
2,739.76,0
2,963.4,0
2,1349.2,0
2,1033.5,0
2,1176.2,0
2,1309.4,1
2,1046.7,0
2,906.68,0
2,1226.2,0
2,1308.3,1
2,1166.2,0
2,1068.5,0
2,823.03,0
2,881.42,0
2,1163.7,1
2,661.95,0
2,1011.6,0
2,1095,1
2,993.25,0
2,1096.4,0
2,1845.6,1
2,929.31,0
2,869.33,0
2,867.75,0
2,959.67,0
2,978.41,0
2,1141.9,0
2,1237.4,1
2,1997.2,1
2,1486.4,1
2,1187.9,1
2,1163.8,0
2,946.1,0
2,752.43,0
2,1042.9,0
2,1124.4,0
2,1311.5,1
2,830.98,0
2,865.95,0
2,1439.6,1
2,799.31,0
2,1628.5,1
2,975.39,0
2,832.85,0
2,1134.4,1
2,911.89,0
2,1848.5,1
2,1240.2,1
2,2091.1,0
2,1551.5,1
2,1904.6,1
2,4188.4,1
2,1479.1,0
2,1337.4,1
2,2352.8,1
2,2449.8,1
2,1143.5,0
2,838.76,0
2,913.09,0
2,897.68,0
2,718.23,0
2,849.63,0
2,1099.3,0
2,1228.2,0
2,1123.3,0
2,979.5,0
2,590.78,1
2,598.9,0
2,1741.4,1
2,996.96,0
2,556.81,0
2,650.26,0
2,639.88,0
2,1081.8,0
2,1788.6,1
2,1742,1
2,1039.5,0
2,822.25,0
2,1546.5,0
2,1268.4,1
2,2075.6,1
2,1109.1,0
2,1012.6,1
2,1112,0
2,2183.7,1
2,1989.2,1
2,1026.9,0
2,1386.1,1
2,1156.9,1
2,3045.4,1
2,1575.8,1
2,1546.1,1
2,848.26,0
2,1315.2,1
2,1283.2,1
2,1300.3,1
2,1360.3,0
2,956.1,0
2,1109.6,0
2,1015.3,0
2,873.87,0
2,2105.2,1
2,992.2,0
2,1617.7,1
2,1361.2,0
2,826.39,0
2,1027.6,1
2,2473.1,1
2,938.04,0
2,1096.7,0
2,1958.8,1
2,1213.8,1
2,1027,0
2,1432.5,1
2,1445.8,1
2,1319.4,1
2,1810,0
2,1367.2,1
2,764.1,0
2,1131.3,1
2,1282.1,0
2,955.63,0
2,1859,1
2,1431.2,1
2,975.5,0
2,1024.8,0
2,701.94,0
2,1830.8,1
2,1848.1,1
2,1111.8,1
2,1090,0
2,568.96,0
2,581.54,0
2,833.78,0
2,556.01,0
2,566.8,0
2,561.87,0
2,1043.1,0
2,2349.2,1
2,1135.8,0
2,958.22,0
2,1222.8,0
2,722.28,0
2,1929.9,0
2,890.62,0
2,992.55,1
2,1511.6,1
2,782.69,0
2,3540.5,1
2,1040.2,0
2,903.42,0
2,901.38,0
2,853.69,0
2,1400.8,1
2,1314.8,1
2,1369,1
2,3692.9,1
2,2112.2,0
2,1276,1
2,895.15,0
2,870.22,0
2,861.33,0
2,1024.4,0
2,935.92,0
2,1381.2,1
2,1313.4,1
2,1505.2,1
2,828.59,0
2,836.05,0
2,780.89,0
2,970.87,0
2,846.25,0
2,1383.1,1
2,874.39,0
2,1153.5,0
2,1136.8,0
2,1348.2,0
2,1090.6,0
2,1226.7,1
2,1196.5,0
2,1084.8,0
2,1273.4,1
2,578.55,0
2,612.25,0
2,1456.2,0
2,1154.9,0
2,577.5,0
2,2492.7,1
2,2680.5,0
2,564.43,0
2,637.06,0
2,1410.2,0
2,717.43,0
2,1204.2,1
2,973.81,0
2,1500,1
2,2846.5,1
2,2506.6,1
2,1367,0
2,1837.9,1
2,1984.1,1
2,1210.2,0
2,937.78,0
2,1249.6,0
2,811.27,0
2,1995.9,0
2,1393,1
2,1204.1,1
2,1728.1,1
2,1094.2,0
2,1072.9,0
2,1125.4,0
2,1777.8,1
2,1081.2,0
2,1254.9,1
2,1988.5,0
2,897.43,0
2,1257,1
2,904.11,0
2,1203.2,1
2,1113.6,0
2,1382.6,1
2,1570,1
2,1079.9,0
2,1353,1
2,779.27,0
2,1522.9,1
2,990.38,0
2,1341.8,1
2,953.02,0
2,1586,1
2,1113.2,0
2,1679.5,1
2,1409.1,1
2,826.27,0
2,953.29,0
2,2727.5,1
2,1790.1,1
2,1438.7,0
2,995.57,1
2,887.58,0
2,1379.4,0
2,1113.7,0
2,1135.8,0
2,1329.9,0
2,644.58,0
2,2153.3,0
2,1042.2,0
2,3893.6,1
2,646.63,0
2,661.21,0
2,760.3,0
2,2657.1,1
2,1393.6,1
2,1714.3,1
2,768.88,0
2,1274.6,1
2,939.7,1
2,2106.8,0
2,902.09,0
2,1370.5,1
2,924.03,0
2,1120.5,0
2,999.86,0
2,1012.5,0
2,820.03,0
2,896.84,0
2,1169.8,1
2,1359.7,0
2,969.58,0
2,1154.1,0
2,937.84,0
2,1699.1,0
2,1480.2,0
2,1644.8,1
2,1956,1
2,1189.7,1
2,815.45,0
2,1120.3,0
2,998.44,0
2,1780.9,1
2,1106.4,0
2,1584.2,1
2,844.95,0
2,1104.8,0
2,1056.1,0
2,992.14,0
2,897.62,0
2,1316.3,1
2,1367.7,1
2,1039,0
2,1154.1,0
2,928.09,0
2,1011.6,0
2,1014,0
2,2160.1,1
2,805.34,0
2,1046.4,0
2,1434.9,1
2,818.79,0
2,941.6,0
2,843.9,0
2,1047.8,0
2,913.31,0
2,860.64,0
2,1053.9,0
2,2562,1
2,957.02,0
2,574.2,0
2,572.94,0
2,611.92,0
2,601.19,0
2,765.6,0
2,1082.3,0
2,873.37,0
2,1770.4,1
2,1213.3,1
2,1196.7,0
2,993.65,0
2,1273.2,1
2,909.55,0
2,836.42,0
2,1650.7,1
2,780.22,0
2,1210.9,1
2,1186.7,1
2,1896,1
2,1613.2,1
2,1026.2,1
2,1196.6,0
2,1269.6,1
2,951.62,0
2,1175.6,1
2,1170.3,0
2,1220.3,1
2,915.24,0
2,1363.4,1
2,812.57,0
2,1252.5,1
2,1254.6,0
2,1231.9,1
2,1073.1,0
2,846.21,0
2,1932.3,1
2,1145.3,0
2,2090.2,1
2,1108,0
2,2164.4,1
2,1136.7,0
2,1176.6,0
2,1269,0
2,1081,0
2,962.11,0
2,1070.7,0
2,899.72,0
2,1186.8,0
2,1817.5,1
2,625.32,0
2,819.79,0
2,1479.1,1
2,979.88,0
2,1860.3,1
2,1173.7,1
2,1011.6,0
2,620.2,0
2,2072.4,1
2,1334,0
2,925.77,0
2,932.71,0
2,910.97,0
2,1435.7,1
2,1143.4,0
2,924.51,0
2,1381.7,1
2,954.39,0
2,638.26,0
2,598.83,0
2,557.43,0
2,1494.4,1
2,1848.1,0
2,2649.4,1
2,884.7,0
2,2086.5,1
2,1286,1
2,586.48,0
2,2487.1,1
2,617.73,0
2,1087.8,0
2,1042.7,0
2,917.33,0
2,610.93,0
2,951.51,0
2,1244.5,0
2,971.67,0
2,1472.8,0
2,2145.2,0
2,1201.8,1
2,2728.8,1
2,2713.6,1
2,1813.7,1
2,3509.4,1
2,1145,0
2,2063,0
2,1157.2,0
2,1235.7,1
2,1913.9,1
2,1116,0
2,951.35,0
2,2671.9,0
2,1448.9,1
2,1447.5,1
2,1072.5,1
2,2680.1,1
2,1691.1,0
2,1196.1,1
2,821.24,0
2,1060.6,0
2,977.72,0
2,985.55,0
2,852.97,0
2,1099,0
2,585.66,0
2,1710.3,1
2,981.21,0
2,1806.4,1
2,811.05,0
2,907.86,0
2,999.3,1
2,890.19,0
2,1229.5,0
2,817.02,0
2,1742.4,0
2,862.54,0
2,1035.7,0
2,1438.6,1
2,907.71,0
2,1090.5,0
2,1434.6,1
2,766.67,0
2,1133.9,0
2,1481.5,0
2,1240.3,1
2,1005.7,0
2,907.39,0
2,1183.4,1
2,825.8,0
2,1093.8,0
2,974.47,0
2,1864.6,1
2,1098,0
2,1849,1
2,881.2,0
2,941.32,0
2,773.67,0
2,1239.2,0
2,1679.7,1
2,1416.9,1
2,932.96,0
2,761.37,0
2,659.75,0
2,698.72,0
2,856.24,0
2,1246.1,1
2,1341.9,1
2,1134.9,0
2,739.27,0
2,748.83,0
2,617.53,0
2,2722.2,1
2,2223.3,0
2,1134.6,0
2,904.77,0
2,990.32,0
2,1070.9,0
2,728.33,0
2,1116.2,0
2,1026.9,1
2,1180.2,1
2,955.32,0
2,889.88,0
2,1009.5,0
2,979.32,0
2,916.96,0
2,1115.7,1
2,1526.2,1
2,1973.2,1
2,1343.1,1
2,1144.5,1
2,993.96,0
2,1835.7,1
2,932.38,0
2,1025.3,0
2,901.52,0
2,1023.3,0
2,5814.1,1
2,2601.9,1
2,978.91,0
2,1031.1,0
2,1020.3,0
2,1071.3,1
2,923.84,0
2,917.09,0
2,977.62,0
2,1086.1,0
2,1002.6,0
2,731.6,0
2,1489.5,1
2,1720.9,1
2,1404,1
2,1154.9,0
2,1183.6,0
2,756.11,1
2,983.24,0
2,821.03,0
2,942.07,0
2,2001.3,1
2,1372.7,0
2,1449.2,1
2,3061.8,1
2,792,0
2,811.55,0
2,1100.1,0
2,1000.1,0
2,911.8,0
2,840.15,0
2,840.8,0
2,925.51,0
2,840.89,0
3,564.95,0
3,1111.7,0
3,1232.7,1
3,899.87,0
3,999.78,1
3,1128,1
3,1159.1,0
3,1218.6,1
3,946.97,0
3,961.43,0
3,1546.7,1
3,1152.2,0
3,1824.4,1
3,1243.7,1
3,1433.9,1
3,1040.3,0
3,2340.5,1
3,1341.7,1
3,1000.4,0
3,1139.3,1
3,1057.6,0
3,1146.5,1
3,904.5,0
3,1001.6,0
3,2119.6,1
3,3906,1
3,1010.4,0
3,1285.8,1
3,810.56,0
3,1398.5,1
3,1685.5,1
3,837.67,0
3,912.89,0
3,1190.6,1
3,923.26,0
3,3156.2,1
3,609.27,0
3,753.09,0
3,571.45,0
3,1191.7,0
3,2005.6,1
3,1232.7,0
3,2210,1
3,1746.1,1
3,1246.8,1
3,1273.4,1
3,1689.3,0
3,782.75,0
3,1005.8,0
3,837.69,0
3,864.59,0
3,1488.2,1
3,1284.3,0
3,1299.9,0
3,1434,1
3,985.17,0
3,1994.7,1
3,1252.6,0
3,1060.5,0
3,1020.5,0
3,1288.1,0
3,1649,1
3,1378.8,1
3,1682.9,1
3,1415.6,0
3,1847.7,1
3,933.8,0
3,867.21,0
3,1727.3,1
3,1498.6,1
3,2618.2,1
3,1461.9,1
3,1014.5,0
3,1007.7,0
3,903.95,0
3,1803.7,1
3,1746.1,1
3,819.06,0
3,1050.9,0
3,2661.2,1
3,1473.3,1
3,3265.2,1
3,1643.1,1
3,1001.1,0
3,1167.2,0
3,1541.5,1
3,933.21,0
3,1234.3,1
3,1107.2,0
3,1753.5,1
3,1258.6,1
3,593.08,0
3,566.76,0
3,1883,1
3,932.66,0
3,1454.6,1
3,1795.5,1
3,873.39,0
3,1084.8,0
3,1705.7,1
3,1988.6,1
3,1057.7,0
3,1142.4,1
3,1915.1,1
3,1752.2,1
3,3022.2,1
3,860.69,0
3,915.96,0
3,1948.8,1
3,1178.5,0
3,1376.5,1
3,1029.6,0
3,1926.1,1
3,1110.1,0
3,1634.5,0
3,1295,0
3,1141.1,1
3,1187.6,0
3,870.84,0
3,880.27,0
3,987.99,0
3,1844.7,1
3,1139.8,0
3,847.9,0
3,1874.2,1
3,567.13,0
3,2853.4,1
3,639.02,0
3,571.62,0
3,1577.1,1
3,564.94,0
3,565.82,0
3,1638.5,1
3,1345.9,1
3,1707.5,1
3,2732,1
3,882.77,0
3,1001,0
3,1039,0
3,1292.7,0
3,1327.8,0
3,1222.4,1
3,1438,0
3,1071.5,0
3,1830.2,1
3,3358.4,1
3,1687.1,1
3,1707.3,1
3,1223.1,0
3,749.86,0
3,1218.2,0
3,941.51,0
3,949.55,0
3,1277.3,1
3,1201,0
3,1582.2,1
3,1208.4,1
3,554.09,0
3,1877.7,1
3,1595.3,0
3,1917.9,1
3,3951,1
3,567.77,0
3,936.79,0
3,1549.2,1
3,840.34,0
3,1208.1,0
3,2118.7,0
3,960.86,0
3,3194.8,1
3,2084.9,1
3,1257.6,1
3,1006,1
3,1100.3,0
3,990.78,0
3,1214.4,0
3,1549,1
3,988.92,0
3,1150,0
3,1368.4,0
3,963.2,0
3,1318.5,1
3,1215.2,0
3,849.56,0
3,1091.7,0
3,835.78,0
3,1018.8,0
3,1280.4,1
3,1988.9,1
3,1247,1
3,1856,1
3,1026.9,0
3,1265,1
3,1345.9,0
3,1405.3,1
3,1152.9,0
3,549.8,0
3,840.8,0
3,554.31,0
3,1430.2,0
3,555.75,0
3,800.35,0
3,2283.5,1
3,1643.6,0
3,561.6,0
3,1230.1,0
3,962.22,0
3,2309.6,1
3,949.95,1
3,1850.8,1
3,1826.5,1
3,1460.4,1
3,1054.8,0
3,1114.3,1
3,902.56,0
3,1235.6,0
3,1574.4,1
3,1468.2,1
3,1699.6,0
3,1314.2,0
3,956.98,0
3,832.09,0
3,911.73,0
3,1027.6,0
3,861.03,0
3,1910.9,1
3,1506.1,1
3,963.05,0
3,1524.4,0
3,1589.4,1
3,1259.2,1
3,1544.6,0
3,1648.9,1
3,1237.6,1
3,1208.6,1
3,1260.5,0
3,981.01,0
3,1208,0
3,1334.6,0
3,1090,1
3,1744,0
3,1024.1,0
3,2126,1
3,1350.9,1
3,2148.3,1
3,1032.7,0
3,997.43,0
3,558.88,0
3,574.19,0
3,1884,0
3,548.04,0
3,570.74,0
3,1066,0
3,1317.8,1
3,811.16,0
3,1297.7,1
3,788.71,0
3,1177.1,0
3,2256.8,1
3,992.8,0
3,2067.5,0
3,1102.4,0
3,2023.7,1
3,1943.7,1
3,920.66,0
3,901.28,0
3,1356.5,0
3,1030.1,1
3,2064.8,1
3,2302.2,1
3,1107.9,0
3,1244.2,1
3,1008.3,0
3,1225.8,0
3,1354.2,1
3,1156.3,1
3,1113.9,0
3,1220.2,1
3,1270,1
3,2685.6,1
3,950.66,0
3,1084.4,0
3,1137.6,0
3,649.11,0
3,978.07,0
3,553.84,0
3,549.03,1
3,549.14,0
3,570.15,0
3,556.15,0
3,1466,1
3,1670.7,1
3,790.06,0
3,1507.3,1
3,1793.6,1
3,1385.3,1
3,1272.3,1
3,1213.2,1
3,1025.8,0
3,867.1,0
3,1606.7,0
3,1186.3,0
3,1288.7,1
3,1035.8,1
3,1349.4,1
3,1020.6,0
3,1740.2,1
3,1906.5,1
3,1738.2,1
3,1527.7,1
3,1285.7,1
3,1078.9,0
3,1247.8,0
3,1012.4,0
3,818.71,0
3,1608.3,1
3,3503.9,1
3,1169,1
3,1182.9,1
3,1957.8,1
3,1439.5,1
3,1487,1
3,1842.8,1
3,1098.4,0
3,1181.6,0
3,900.3,0
3,987.99,0
3,1131.1,0
3,1417.4,1
3,1197.7,0
3,1030.4,0
3,7977.9,1
3,564.67,0
3,625.76,0
3,770.25,0
3,820.98,0
3,560.54,0
3,569.35,0
3,1128.3,0
3,970.82,0
3,1076,0
3,1017,0
3,1022.2,0
3,1492.9,1
3,1194.5,0
3,1040.1,0
3,960.84,0
3,1603.9,1
3,1146.2,1
3,1068.3,0
3,1313.1,1
3,964.1,0
3,1069.6,0
3,1005.2,1
3,1042.6,0
3,942.81,0
3,1008,0
3,847.12,0
3,1056.5,0
3,880.78,0
3,1197.2,1
3,807.21,0
3,1285.5,0
3,1323.2,1
3,807.07,0
3,993.83,0
3,3644.5,1
3,913.98,0
3,1149.7,1
3,1727,1
3,1454.3,0
3,2096.7,1
3,1040.8,0
3,1102.2,0
3,1078.9,0
3,931.54,0
3,714.14,0
3,1017.6,0
3,1235.3,0
3,1348.1,1
3,1220.8,0
3,1094.5,0
3,1883,1
3,1039.6,0
3,1257.5,1
3,943.32,0
3,790.46,0
3,895.97,0
3,569.56,0
3,1481.5,1
3,566.3,0
3,1511.1,1
3,543.8,0
3,578.59,0
3,579.17,0
3,614.25,0
3,1121.1,1
3,1356.3,1
3,1410.7,0
3,2765.9,1
3,1338.7,1
3,1556.6,0
3,1107.2,1
3,2144.9,1
3,1419.5,1
3,1306.3,1
3,1087.2,0
3,1211.7,0
3,1686.8,1
3,1132.4,0
3,764.2,0
3,1808.7,1
3,2491.7,1
3,946.63,0
3,2280,1
3,1199.4,1
3,1902.9,1
3,2165.2,1
3,1259.1,0
3,1307.5,1
3,1454.3,0
3,1129.7,1
3,956.33,0
3,1976.6,1
3,1261.5,0
3,1099.7,0
3,2005,1
3,1268.8,1
3,1117.9,0
3,962.32,0
3,1743.6,1
3,1051.2,0
3,947.78,0
3,1014.8,0
3,1106.5,0
3,584.28,0
3,665.7,0
3,1245.4,0
3,1037.5,0
3,878.43,0
3,1102.7,0
3,976.8,0
3,1156.2,0
3,1165.1,0
3,1325,1
3,1526.4,1
3,1625.3,1
3,878.3,0
3,1431.6,1
3,1000.6,0
3,1312.7,1
3,1452.6,1
3,1237.2,0
3,1429.7,1
3,1523.7,1
3,1030.1,0
3,1565.7,1
3,1368.5,0
3,1190.7,1
3,1977.8,1
3,1432.1,1
3,1986.3,1
3,1135.3,0
3,789.91,0
3,2106.2,1
3,1059,0
3,1656.9,1
3,2519.2,1
3,574.35,0
3,1785.1,1
3,958.29,0
3,1010.6,0
3,910.08,0
3,2094.8,1
3,1858.7,1
3,896.68,0
3,810.38,0
3,996.43,0
3,570.75,0
3,569.41,0
3,578.21,0
3,602.84,0
3,558.03,0
3,2032.4,1
3,1882.6,1
3,817.59,0
3,1105.9,0
3,774.36,0
3,897.93,0
3,2233.9,1
3,1085.2,0
3,952.6,0
3,1006.1,0
3,1153.2,0
3,2070.9,1
3,1422.2,0
3,965.18,0
3,1081.6,1
3,1298.4,1
3,1786.7,1
3,1126.6,0
3,1567.6,1
3,1076.3,0
3,1014.8,0
3,990.42,0
3,1751.3,1
3,1085.3,0
3,1134,0
3,1682.7,0
3,882.12,0
3,2348.5,1
3,1237.3,1
3,1027.1,0
3,4170.4,1
3,1007.2,0
3,803.24,0
3,1604.5,1
3,1543.2,1
3,1786,1
3,1134.2,1
3,1133.3,1
3,1996.1,1
3,1093.8,1
3,829.87,0
3,1248.7,1
3,1233,1
3,1726.8,1
3,1114.8,1
3,1952.7,1
3,639.42,0
3,726.37,0
3,571.83,0
3,968.11,0
3,1250.9,0
3,1572,1
3,961.39,0
3,1654.7,1
3,1406.5,1
3,1275.4,0
3,1002.6,0
3,1395.8,1
3,1045.4,0
3,593.62,0
3,878.09,0
3,887.83,0
3,1746.4,1
3,1596.6,1
3,1146.9,0
3,989.93,0
3,1095.9,0
3,928.57,0
3,1568,1
3,940.49,0
3,1251.5,1
3,1426.4,1
3,1271.2,1
3,1225.5,0
3,1088,1
3,1138.4,0
3,1518.5,0
3,1360.3,1
3,826.33,0
3,3754.1,1
3,1199,1
3,1253.3,1
3,996.4,1
3,1218.8,1
3,1734.7,1
3,1069.4,0
3,1425.8,0
3,772.68,0
3,1529.7,1
3,2107.7,1
3,887.33,0
3,2079.6,1
3,925.6,0
3,1167.2,0
3,938.88,0
3,1339.5,0
3,1651,1
3,785.57,0
3,890.1,0
3,887.04,0
3,568.7,0
3,566.93,0
3,568.73,0
3,1332.1,1
3,652.46,0
3,1287.3,0
3,818.79,0
3,799.02,0
3,1509.3,0
3,1205.1,1
3,1174.8,0
3,1020.6,0
3,2087.2,1
3,976.42,0
3,2091.9,1
3,870.53,0
3,1364.8,1
3,858.13,0
3,1052,0
3,1274.2,0
3,1224.5,0
3,1199.8,0
3,874.79,0
3,1505.9,1
3,1045.8,0
3,1148.2,1
3,1822.7,1
3,1373,0
3,1357.1,0
3,1084.6,0
3,1121,0
3,1146.1,0
3,1626.6,1
3,1420.6,1
3,946.62,0
3,562.16,0
3,563.16,0
3,1410.6,0
4,870.21,0
4,1143.2,0
4,712.24,0
4,625.77,0
4,774.51,0
4,730.15,0
4,552.21,0
4,744.17,0
4,1161.6,0
4,1592.8,1
4,1683.8,1
4,925.82,0
4,1035.2,0
4,780.6,0
4,1187.5,0
4,836.78,0
4,863.03,0
4,913.54,0
4,792.16,0
4,876.38,0
4,798,0
4,828.69,0
4,938.44,0
4,1327,1
4,1276.5,1
4,942.74,0
4,891.81,0
4,780.02,0
4,961.45,0
4,793.55,0
4,1212.4,1
4,724.77,0
4,676.38,0
4,731.87,0
4,864.01,0
4,5236,1
4,722.77,0
4,892.47,0
4,846.36,0
4,1764,1
4,777.42,0
4,787.81,0
4,2167,0
4,5290,0
4,1627.1,1
4,1161.2,0
4,844.63,0
4,993.34,0
4,754.67,0
4,865.23,0
4,993.09,0
4,1836,1
4,790.85,0
4,788.7,0
4,998,0
4,1176.3,0
4,1950.7,1
4,2028.7,1
4,762.72,0
4,914.43,0
4,687.68,0
4,1121.5,0
4,743.34,0
4,714.69,0
4,1637.7,0
4,842.74,0
4,662.9,0
4,896.31,0
4,786.67,0
4,991.42,0
4,716.97,0
4,727.8,0
4,1046.4,0
4,612.23,0
4,816.94,0
4,611.54,0
4,696.38,0
4,558.07,0
4,783.35,0
4,878.15,0
4,1341.8,1
4,697.01,0
4,883.72,0
4,742.88,0
4,724.96,0
4,683.78,0
4,1063,1
4,1521.6,0
4,609.19,0
4,703,0
4,938.41,0
4,748.74,0
4,810.82,0
4,1035.6,0
4,660.91,0
4,1132.3,0
4,861.05,0
4,651.52,0
4,863.62,0
4,1165.3,0
4,988.51,0
4,1073,0
4,1207.7,0
4,660.25,0
4,788.15,0
4,723.43,0
4,1192.3,1
4,1557.5,0
4,714.83,0
4,929.22,0
4,783.17,0
4,737.5,0
4,1630.5,1
4,713.19,0
4,762.65,0
4,1006.6,0
4,767.42,0
4,876.47,0
4,1368.2,1
4,872.52,0
4,1013.8,0
4,706.63,0
4,7365.7,1
4,833.89,0
4,987.57,0
4,765.64,0
4,2042.9,0
4,740.94,0
4,862.48,0
4,696.36,0
4,1424.7,0
4,1099.9,0
4,1053.2,0
4,1227.6,0
4,1156.3,0
4,2258.3,1
4,756.9,0
4,1064.9,0
4,902.59,0
4,801.65,0
4,1317.5,1
4,776.65,0
4,869.62,0
4,926.15,0
4,763.44,0
4,675.4,0
4,736.93,0
4,732.1,0
4,6880.7,1
4,1024.2,0
4,749.89,0
4,753.82,0
4,1759.1,0
4,797.24,0
4,879.3,0
4,981.1,0
4,769.54,0
4,757.48,0
4,941.91,0
4,652.07,0
4,1543,0
4,1044.2,0
4,966.86,0
4,768.63,0
4,1155.2,1
4,760.52,0
4,565.64,0
4,564.78,1
4,557.97,0
4,4670.7,1
4,974.76,0
4,1365.5,0
4,1969.2,1
4,2497.4,0
4,2842.8,0
4,836.45,0
4,579.12,1
4,699.92,0
4,1064.2,0
4,1800.4,1
4,606.28,0
4,1858.4,0
4,1215,0
4,1123.6,1
4,3097.3,0
4,1687.1,0
4,3661.9,1
4,1948,0
4,721.86,0
4,3295.7,0
4,1198.5,0
4,1354.9,0
4,2704.9,1
4,2444,1
4,5526.2,0
4,1312.3,0
4,787.08,0
4,1783,1
4,1482.7,0
4,2271,1
4,2789.9,0
4,7653.3,1
4,1062,0
4,1068.8,0
4,1808,0
4,886.98,0
4,1085.7,0
4,1449,0
4,2305.7,1
4,2095.7,0
4,1727.4,0
4,3258.8,0
4,4149.9,1
4,1873.2,0
4,1180.5,0
4,750.24,0
4,968.9,0
4,1181.6,0
4,1060.1,0
4,660.6,0
4,821.55,0
4,1001.4,0
4,1003,1
4,1078,0
4,623.6,0
4,689.02,1
4,974.85,0
4,622.69,0
4,761.29,0
4,1007.8,0
4,722.03,0
4,731.94,0
4,1204.3,0
4,569.37,0
4,1558.9,0
4,638.54,0
4,706.95,0
4,990.28,0
4,734.16,0
4,802.98,0
4,807.01,0
4,1319.2,1
4,1279,1
4,979.64,0
4,1278.9,0
4,888.75,0
4,703.82,0
4,792.57,0
4,727.44,0
4,903.27,0
4,955.62,0
4,705.31,0
4,782.01,0
4,6452.2,1
4,807.21,0
4,970.37,0
4,850.33,0
4,1123.3,1
4,928.76,0
4,953.54,0
4,994.6,0
4,1698.1,0
4,1033.4,0
4,1707.9,1
4,950.88,0
4,681.33,0
4,789.36,0
4,1323.4,1
4,987.11,0
4,877.01,0
4,1715.7,1
4,748.16,0
4,1157.5,0
4,760.79,0
4,832.87,0
4,733.36,0
4,837.36,0
4,1000.3,0
4,1085.9,0
4,871.88,0
4,3538.8,0
4,734.13,0
4,793.19,0
4,1374.3,1
4,762.19,0
4,728.8,0
4,730.18,0
4,1204.9,0
4,806.48,0
4,1247,0
4,732.25,0
4,832.89,0
4,1170.4,1
4,677.13,0
4,3234.7,0
4,997.42,0
4,887.9,0
4,771.46,0
4,617.76,0
4,735.64,0
4,756.04,0
4,1521.4,1
4,890.7,0
4,803.63,0
4,675.27,0
4,745.81,0
4,2112.6,0
4,660.15,0
4,1008.1,0
4,707.34,0
4,1085.5,0
4,938.1,0
4,1767.9,0
4,702.86,0
4,1215.1,0
4,661.64,0
4,908.74,0
4,743.53,0
4,704.89,0
4,787.69,0
4,799.42,0
4,1059.3,1
4,1285.8,0
4,560.86,0
4,554.25,0
4,810.99,0
4,2943.4,0
4,614.08,0
4,1426.5,1
4,1072.4,1
4,727.99,0
4,541.68,0
4,552.93,0
4,755.33,0
4,843.28,0
4,3104.3,1
4,1530,1
4,1338.2,1
4,1577.5,0
4,892.89,0
4,1042.2,0
4,1068,0
4,894.37,0
4,1561.6,0
4,901.15,0
4,828.57,0
4,896.14,0
4,1232.3,0
4,1714.8,1
4,1002.6,0
4,1105.5,0
4,1946.4,1
4,758.21,0
4,853.83,0
4,725.22,0
4,778.77,0
4,1316.2,0
4,697.99,0
4,677.4,0
4,877.11,0
4,2263.9,0
4,787.04,0
4,1046.6,0
4,1513.2,0
4,988.51,1
4,966.13,0
4,884.5,0
4,3907,0
4,1510.6,1
4,669.67,0
4,2233.4,1
4,1084.4,0
4,565.53,0
4,2759.7,1
4,685.59,0
4,563.93,0
4,555.76,0
4,1752.2,0
4,933.68,0
4,706.74,0
4,718.62,0
4,1957.9,0
4,1250.1,0
4,837.8,0
4,706.99,0
4,2283.3,1
4,568.52,0
4,1430,1
4,870.34,0
4,563.07,0
4,661.01,0
4,567.2,0
4,691.38,0
4,1102.2,0
4,2611.4,1
4,1581.2,0
4,922.56,0
4,3181.7,0
4,854.32,0
4,2640.1,1
4,960.89,0
4,748.03,0
4,1218.4,1
4,909.93,0
4,847.34,0
4,1045.7,0
4,845.84,0
4,835.6,0
4,1077.6,0
4,727.72,0
4,770.07,0
4,910.41,0
4,1094.5,0
4,782.48,0
4,1416.4,1
4,671.63,0
4,1831,0
4,942.42,0
4,833.48,0
4,847.55,0
4,2091.3,0
4,1700.2,0
4,918.51,0
4,902.15,0
4,902.36,0
4,922.07,0
4,2346.7,1
4,883.29,0
4,1433.1,0
4,793.37,0
4,1914.7,1
4,1039.1,0
4,1360.1,0
4,750.19,0
4,869.17,0
4,750.77,0
4,1023.3,0
4,1723.6,1
4,2000.6,0
4,749.09,0
4,673.58,0
4,1073.2,0
4,709.57,0
4,827.25,0
4,740.61,0
4,900.77,0
4,802.01,0
4,1003.6,0
4,784.4,0
4,1100.3,0
4,1000.7,1
4,1378.5,0
4,763.39,0
4,958.6,0
4,2517.5,0
4,815.58,0
4,1000.7,0
4,933.08,0
4,875.6,0
4,583.89,0
4,720.79,0
4,912.19,0
4,713.16,0
4,587.18,0
4,828.93,0
4,958.45,0
4,801.03,0
4,1059.9,0
4,1236.1,0
4,655.97,0
4,702.03,0
4,833.76,1
4,760.68,0
4,1172.5,0
4,1149.1,0
4,809.83,0
4,742.05,0
4,571.11,0
4,1971.4,0
4,676.57,0
4,1644.6,0
4,960.28,0
4,896.79,0
4,643.86,0
4,642.01,0
4,663.63,0
4,781.42,0
4,795.16,0
4,862.78,0
4,857.54,0
4,973.38,0
4,937.85,0
4,1489.8,0
4,994.22,0
4,744.55,0
4,1470,1
4,781.92,0
4,1084.1,0
4,732.63,0
4,1143.7,1
4,729.98,0
4,1071.6,0
4,800.08,0
4,1101.1,0
4,806.89,0
4,1047.2,1
4,1824.4,0
4,890.52,0
4,1937.5,1
4,724.74,0
4,2004.5,1
4,744.61,0
4,784.23,0
4,690.29,0
4,1081.9,0
4,722.17,0
4,667.38,0
4,693.45,0
4,835.24,0
4,716.36,0
4,804.89,0
4,931.91,0
4,752.85,0
4,755.05,0
4,1337.3,0
4,775.64,0
4,1004,0
4,758.78,0
4,698.13,0
4,758.99,0
4,823.72,0
4,1004.3,0
4,1001.2,0
4,1075.3,0
4,951.34,0
4,1694.6,0
4,841.44,0
4,1085.8,0
4,1296.1,1
4,1090.4,0
4,927.92,0
4,1408.3,0
4,1026.1,0
4,710.87,0
4,1497.7,1
4,843.63,0
4,1051.1,0
4,2196.4,0
4,861.66,0
4,713.45,0
4,839.99,0
4,773.83,0
4,791.9,0
4,2367.6,1
4,894.44,0
4,738.18,0
4,1086.7,0
4,795.82,0
4,848.99,0
4,685.37,0
4,836.05,0
4,952.86,0
4,1375.7,1
4,792.27,0
4,824.02,0
4,732.82,0
4,768.02,0
4,1078.4,0
4,1038.8,0
4,868.08,0
4,1759.1,0
4,878.37,0
4,1058.5,0
4,1387.6,0
4,821.66,0
4,739.57,0
4,880.29,0
4,792.25,0
4,785.98,0
4,692.15,0
4,650.15,0
4,731.13,0
4,804.87,0
4,774.38,0
4,1099.1,0
4,641.39,0
4,870.68,0
4,563.39,0
4,1071.1,0
4,1020.7,0
4,802.4,0
4,1123.9,0
4,1068.5,0
4,1074.2,0
4,972.8,0
4,824.72,0
4,947.97,0
4,941.62,0
4,880.55,0
4,897.73,0
4,847.12,0
4,1991.5,1
4,1015.1,0
4,729.3,0
4,695.72,0
4,738.07,0
4,759.29,0
4,1421.5,0
4,782.25,0
4,1200.8,0
4,916.9,0
4,961.72,0
4,1072.2,0
4,933.77,0
4,773.48,0
4,712.2,0
4,1041.7,0
4,914.32,0
4,829.64,0
4,1058.2,0
4,890.08,0
4,925.75,0
4,825.03,0
4,913.79,0
4,967.33,0
4,1532.1,0
4,1098.8,0
4,804.29,0
4,798.98,0
4,1703.5,0
4,1055,0
4,855.06,0
4,728.65,0
4,1374.2,0
4,877.56,0
4,1847.6,1
4,857.7,0
4,837.94,0
4,709.24,0
4,737.51,0
4,1233.6,0
4,1271.5,0
4,774.55,0
4,778.75,0
4,730.31,0
4,724.28,0
4,1115.9,1
4,1170.2,0
4,545.25,0
4,723.22,0
4,1006.7,0
4,791.12,0
4,1230,0
4,787.39,0
4,2302.1,1
4,1911.8,0
4,763.41,0
4,1310.5,0
4,1419.7,1
4,1266.1,0
4,1001,0
4,744.65,0
4,786.05,0
4,870.82,0
4,1309.3,0
4,1388.1,1
4,794.76,0
4,1268.9,0
4,931.47,0
4,942.31,0
4,794.5,0
4,808.64,0
4,982.98,0
4,837.94,0
4,1095.4,0
4,916.48,0
4,1055.7,0
4,953.79,0
4,1852.9,0
4,566.95,0
4,627.76,0
4,688.95,0
4,672.19,0
4,1268.1,0
4,778.55,0
4,848.3,0
4,2909.7,0
4,791.58,0
4,583.55,0
4,792.15,0
4,874.89,0
4,587.53,1
4,747.24,0
4,581.15,0
4,593.03,1
4,631.72,0
4,582.65,0
4,792.62,0
4,1121.4,0
4,725.95,0
4,1311.7,0
4,738.93,0
4,944.01,0
4,973.01,0
4,823.75,0
4,1010.8,0
4,1048.4,0
4,824.71,0
4,680.23,0
4,1277,0
4,961.14,0
4,1780,1
4,867.81,0
4,1005.6,0
4,1766.4,0
4,842.64,0
4,1353.4,1
4,936.95,0
4,944.97,0
4,1045,0
4,808.22,0
4,1052.7,0
4,725.76,0
4,828.61,0
4,1024.7,0
4,937.31,0
4,1025.7,0
4,1321.9,0
4,796.15,0
4,779.77,0
4,888.86,0
4,947.41,0
4,869.8,0
4,912.06,0
4,1256.4,1
4,804.46,0
4,645.44,0
4,884.66,0
4,819.97,0
4,863.26,0
4,911.44,0
4,960.18,0
4,897.5,0
4,1089.5,0
4,980.89,0
4,1416.4,1
4,1037.7,0
4,774.85,0
4,960.85,0
4,994,0
4,1371.3,1
4,803.34,0
4,1013.4,0
4,782.04,0
4,1108.1,0
4,589.98,0
4,729.2,0
4,1284.3,0
4,690.65,0
4,866.7,0
4,893.92,0
4,1548.3,0
4,1036.2,1
4,1147.5,0
4,557.22,0
4,718.46,1
4,771.25,0
4,719.82,0
4,656.19,0
4,842.28,0
4,616.71,0
4,785.16,0
4,764.06,0
4,650.02,0
4,861.61,0
4,797.8,0
4,549.18,0
4,571.71,0
4,677,0
4,561.76,0
4,1149.8,0
4,806.34,0
4,618.62,0
4,610.89,0
4,571.99,0
4,773.35,0
4,564.36,0
4,681.86,0
4,754.64,0
4,827.71,0
4,1047.9,0
4,937.47,0
4,868.62,0
4,688.47,0
4,688.43,0
4,962.56,0
4,785.75,0
4,735.94,0
4,960.29,0
4,1634.8,1
4,700.31,0
4,1084.3,0
4,851.7,0
4,1622,1
4,1135,0
4,785.78,0
4,933.23,0
4,777.15,0
4,850.54,0
4,1160.7,0
4,850.55,0
4,1359,1
4,920.18,0
4,746.83,0
4,882.09,0
4,772.63,0
4,913.37,0
4,712.61,0
4,848.11,0
4,859.23,0
4,1013.2,0
4,1139.6,0
4,796.83,0
4,843.69,0
4,738.31,0
4,1126.4,0
4,687.42,0
4,930.47,0
4,662.27,0
4,870.1,0
4,778.96,0
4,931.78,0
4,907.55,0
4,1203.8,0
4,861.35,0
4,663.48,0
4,972.97,0
4,685.41,0
4,776.74,0
4,808.72,0
4,817.62,0
4,809.49,0
4,1391.7,0
4,1198.2,1
4,982.68,0
4,961.84,0
4,1094.7,0
4,664.06,0
4,796.85,0
4,801.65,0
4,931.3,0
4,730.57,0
4,686.1,0
4,1410.5,0
4,848.73,0
4,682.15,0
4,1652.4,0
4,839.67,0
4,775.02,0
4,781.77,0
4,720.8,0
4,1281.2,1
4,893,0
4,1929.4,1
4,958.07,0
4,705.17,0
4,676.23,0
4,648.29,0
4,798.71,0
4,760.37,0
